{"cameraMode":{"drawMode":0,"name":"Shaded","section":"Shading Mode"},"sceneLighting":true,"audioPlay":false,"sceneViewState":{"m_AlwaysRefresh":false,"showFog":true,"showSkybox":true,"showFlares":true,"showImageEffects":true,"showParticleSystems":true,"showVisualEffectGraphs":true,"m_FxEnabled":true},"in2DMode":false,"pivot":{"x":-11.400169372558594,"y":-2.9364020824432375,"z":17.342021942138673},"rotation":{"x":-0.07060078531503678,"y":0.28813597559928896,"z":-0.021298840641975404,"w":-0.9547619819641113},"size":10.867652893066407,"orthographic":false}